User ID,Username,Email,Role,Facility,Status,Last Login,Created At
1,"admin","admin@plp-portal.com","admin","",Active,,"N/A"
2,"aibawkphc","aibawkphc@aizawlwest.com","facility","",Active,,"N/A"
3,"ailawngsc","ailawngsc@mamit.com","facility","",Active,,"N/A"
4,"ajasorasc","ajasorasc@lawngtlai.com","facility","",Active,,"N/A"
5,"armedvengayushsc","armedvengayushsc@aizawleast.com","facility","",Active,,"N/A"
6,"armvengsc","armvengsc@aizawleast.com","facility","",Active,,"N/A"
7,"bairabiphc","bairabiphc@kolasib.com","facility","",Active,,"N/A"
8,"bairabisc","bairabisc@kolasib.com","facility","",Active,,"N/A"
9,"baktawngayushsc","baktawngayushsc@aizawleast.com","facility","",Active,,"N/A"
10,"baktawngsc","baktawngsc@aizawleast.com","facility","",Active,,"N/A"
11,"bawngkawnsc","bawngkawnsc@aizawleast.com","facility","",Active,,"N/A"
12,"bazaraizawlsc","bazaraizawlsc@aizawleast.com","facility","",Active,,"N/A"
13,"bazarlungleisc","bazarlungleisc@lunglei.com","facility","",Active,,"N/A"
15,"bethelsc","bethelsc@champhai.com","facility","",Active,,"N/A"
16,"bethlehemvengthlangsc","bethlehemvengthlangsc@aizawleast.com","facility","",Active,,"N/A"
17,"biatesc","biatesc@champhai.com","facility","",Active,,"N/A"
18,"bilkhawthlirphc","bilkhawthlirphc@kolasib.com","facility","",Active,,"N/A"
19,"bilkhawthlirsc","bilkhawthlirsc@kolasib.com","facility","",Active,,"N/A"
20,"boraisc","boraisc@mamit.com","facility","",Active,,"N/A"
21,"borapansuryphc","borapansuryphc@lawngtlai.com","facility","",Active,,"N/A"
22,"borapansurysc","borapansurysc@lawngtlai.com","facility","",Active,,"N/A"
23,"bualpuihsc","bualpuihsc@lunglei.com","facility","",Active,,"N/A"
24,"bualpuingphc","bualpuingphc@lawngtlai.com","facility","",Active,,"N/A"
25,"bualpuingsc","bualpuingsc@lawngtlai.com","facility","",Active,,"N/A"
26,"bualpuisc","bualpuisc@kolasib.com","facility","",Active,,"N/A"
27,"bualpuivsc","bualpuivsc@lunglei.com","facility","",Active,,"N/A"
28,"buangpuisc","buangpuisc@serchhip.com","facility","",Active,,"N/A"
29,"buarpuiphc","buarpuiphc@lunglei.com","facility","",Active,,"N/A"
30,"buarpuisc","buarpuisc@lunglei.com","facility","",Active,,"N/A"
31,"buhbansc","buhbansc@aizawleast.com","facility","",Active,,"N/A"
32,"buhchangphaisc","buhchangphaisc@kolasib.com","facility","",Active,,"N/A"
33,"bukpuiphc","bukpuiphc@kolasib.com","facility","",Active,,"N/A"
34,"bukpuisc","bukpuisc@kolasib.com","facility","",Active,,"N/A"
35,"bulfekzawlsc","bulfekzawlsc@champhai.com","facility","",Active,,"N/A"
36,"bunghmunsphc","bunghmunsphc@lunglei.com","facility","",Active,,"N/A"
37,"bunghmunssc","bunghmunssc@lunglei.com","facility","",Active,,"N/A"
38,"bungkawnayushsc","bungkawnayushsc@aizawleast.com","facility","",Active,,"N/A"
39,"bungkawnsc","bungkawnsc@aizawlwest.com","facility","",Active,,"N/A"
40,"bungthuamsc","bungthuamsc@mamit.com","facility","",Active,,"N/A"
41,"bungtlangsphc","bungtlangsphc@lawngtlai.com","facility","",Active,,"N/A"
42,"bungtlangssc","bungtlangssc@lawngtlai.com","facility","",Active,,"N/A"
43,"bungtlangsc","bungtlangsc@serchhip.com","facility","",Active,,"N/A"
44,"bungzungphc","bungzungphc@champhai.com","facility","",Active,,"N/A"
45,"bungzungsc","bungzungsc@champhai.com","facility","",Active,,"N/A"
46,"centraljailvengsc","centraljailvengsc@aizawlwest.com","facility","",Active,,"N/A"
47,"centralsc","centralsc@lunglei.com","facility","",Active,,"N/A"
48,"chakhangphc","chakhangphc@saiha.com","facility","",Active,,"N/A"
49,"chakhangsc","chakhangsc@saiha.com","facility","",Active,,"N/A"
50,"chaltlangsc","chaltlangsc@aizawleast.com","facility","",Active,,"N/A"
51,"chamdurpilotprojsc","chamdurpilotprojsc@lawngtlai.com","facility","",Active,,"N/A"
52,"champhai","champhai@champhai.com","facility","",Active,,"N/A"
53,"champhaiayushsc","champhaiayushsc@champhai.com","facility","",Active,,"N/A"
54,"champhaisc","champhaisc@champhai.com","facility","",Active,,"N/A"
55,"champhaivengthlangsc","champhaivengthlangsc@champhai.com","facility","",Active,,"N/A"
56,"champhaizotlanguhwc","champhaizotlanguhwc@champhai.com","facility","",Active,,"N/A"
57,"changpuisc","changpuisc@lunglei.com","facility","",Active,,"N/A"
58,"chanmarisc","chanmarisc@aizawleast.com","facility","",Active,,"N/A"
59,"chanmariwest","chanmariwest@aizawleast.com","facility","",Active,,"N/A"
60,"chapuiayushsc","chapuiayushsc@saiha.com","facility","",Active,,"N/A"
61,"chapuisc","chapuisc@saiha.com","facility","",Active,,"N/A"
62,"chawilungsc","chawilungsc@lunglei.com","facility","",Active,,"N/A"
64,"chawngtecayushsc","chawngtecayushsc@lawngtlai.com","facility","",Active,,"N/A"
65,"chawngtecsc","chawngtecsc@lawngtlai.com","facility","",Active,,"N/A"
66,"chawngtepsc","chawngtepsc@lawngtlai.com","facility","",Active,,"N/A"
67,"chawngtlaisc","chawngtlaisc@champhai.com","facility","",Active,,"N/A"
68,"chawnpuisc","chawnpuisc@aizawlwest.com","facility","",Active,,"N/A"
69,"cherhlunphc","cherhlunphc@lunglei.com","facility","",Active,,"N/A"
70,"cherhlunsc","cherhlunsc@lunglei.com","facility","",Active,,"N/A"
71,"cheuralsc","cheuralsc@lawngtlai.com","facility","",Active,,"N/A"
72,"chhawrtuisc","chhawrtuisc@champhai.com","facility","",Active,,"N/A"
73,"chhiahtlangsc","chhiahtlangsc@serchhip.com","facility","",Active,,"N/A"
74,"chhingavengsc","chhingavengsc@aizawleast.com","facility","",Active,,"N/A"
75,"chhingchhipphc","chhingchhipphc@serchhip.com","facility","",Active,,"N/A"
76,"chhingchhipsc","chhingchhipsc@serchhip.com","facility","",Active,,"N/A"
77,"chhipphirphc","chhipphirphc@lunglei.com","facility","",Active,,"N/A"
78,"chhipphirsc","chhipphirsc@lunglei.com","facility","",Active,,"N/A"
79,"chhuarlungphc","chhuarlungphc@saiha.com","facility","",Active,,"N/A"
80,"chhuarlungsc","chhuarlungsc@saiha.com","facility","",Active,,"N/A"
81,"chiteuhwc","chiteuhwc@aizawleast.com","facility","",Active,,"N/A"
82,"chuhvelsc","chuhvelsc@mamit.com","facility","",Active,,"N/A"
83,"collegevengsc","collegevengsc@lawngtlai.com","facility","",Active,,"N/A"
84,"councilvenguhwc","councilvenguhwc@lawngtlai.com","facility","",Active,,"N/A"
85,"daidosc","daidosc@aizawleast.com","facility","",Active,,"N/A"
86,"damdepayushsc","damdepayushsc@lawngtlai.com","facility","",Active,,"N/A"
87,"damdepsc","damdepsc@lawngtlai.com","facility","",Active,,"N/A"
88,"damdiaisc","damdiaisc@mamit.com","facility","",Active,,"N/A"
89,"damparengpuisc","damparengpuisc@mamit.com","facility","",Active,,"N/A"
90,"dampuisc","dampuisc@mamit.com","facility","",Active,,"N/A"
91,"darlaksc","darlaksc@mamit.com","facility","",Active,,"N/A"
92,"darlawnphc","darlawnphc@serchhip.com","facility","",Active,,"N/A"
93,"darlawnsc","darlawnsc@aizawleast.com","facility","",Active,,"N/A"
94,"darlungwsc","darlungwsc@mamit.com","facility","",Active,,"N/A"
95,"darngawnwsc","darngawnwsc@lunglei.com","facility","",Active,,"N/A"
96,"darzoayushsc","darzoayushsc@hnahthial.com","facility","",Active,,"N/A"
97,"darzosc","darzosc@lunglei.com","facility","",Active,,"N/A"
98,"dawrpuivengtharsc","dawrpuivengtharsc@aizawlwest.com","facility","",Active,,"N/A"
99,"devasorasc","devasorasc@lawngtlai.com","facility","",Active,,"N/A"
100,"diakkawnsc","diakkawnsc@kolasib.com","facility","",Active,,"N/A"
101,"diblibaghsc","diblibaghsc@lunglei.com","facility","",Active,,"N/A"
102,"diltlangsc","diltlangsc@lawngtlai.com","facility","",Active,,"N/A"
103,"dintharsc","dintharsc@aizawlwest.com","facility","",Active,,"N/A"
104,"dultesc","dultesc@champhai.com","facility","",Active,,"N/A"
105,"dungtlangsc","dungtlangsc@champhai.com","facility","",Active,,"N/A"
106,"durtlangsc","durtlangsc@aizawleast.com","facility","",Active,,"N/A"
107,"edentharsc","edentharsc@aizawleast.com","facility","",Active,,"N/A"
108,"electricaizawlsc","electricaizawlsc@aizawleast.com","facility","",Active,,"N/A"
109,"electriclungleisc","electriclungleisc@lunglei.com","facility","",Active,,"N/A"
110,"farkawnphc","farkawnphc@champhai.com","facility","",Active,,"N/A"
111,"farkawnsc","farkawnsc@champhai.com","facility","",Active,,"N/A"
112,"farmvengsc","farmvengsc@lunglei.com","facility","",Active,,"N/A"
113,"haulawngphc","haulawngphc@lunglei.com","facility","",Active,,"N/A"
114,"haulawngsc","haulawngsc@lunglei.com","facility","",Active,,"N/A"
115,"hauruangsc","hauruangsc@lunglei.com","facility","",Active,,"N/A"
116,"hlimenuphc","hlimenuphc@aizawlwest.com","facility","",Active,,"N/A"
117,"hmarvenguhwc","hmarvenguhwc@mamit.com","facility","",Active,,"N/A"
118,"hmunhmelthasc","hmunhmelthasc@champhai.com","facility","",Active,,"N/A"
119,"hmunlaisc","hmunlaisc@lawngtlai.com","facility","",Active,,"N/A"
120,"hmunpuisc","hmunpuisc@aizawlwest.com","facility","",Active,,"N/A"
121,"hmunthasc","hmunthasc@serchhip.com","facility","",Active,,"N/A"
122,"hnahchangzotuitlangsc","hnahchangzotuitlangsc@lunglei.com","facility","",Active,,"N/A"
123,"hnahlanphc","hnahlanphc@champhai.com","facility","",Active,,"N/A"
124,"hnahlansc","hnahlansc@champhai.com","facility","",Active,,"N/A"
125,"hnahthialsc","hnahthialsc@lunglei.com","facility","",Active,,"N/A"
126,"hnahthialuhwc","hnahthialuhwc@lunglei.com","facility","",Active,,"N/A"
127,"hortokisc","hortokisc@kolasib.com","facility","",Active,,"N/A"
128,"hrangchalkawnsc","hrangchalkawnsc@lunglei.com","facility","",Active,,"N/A"
129,"hrangchalkawnuphc","hrangchalkawnuphc@lunglei.com","facility","",Active,,"N/A"
130,"hriangtlangsc","hriangtlangsc@serchhip.com","facility","",Active,,"N/A"
131,"hriphawsc","hriphawsc@mamit.com","facility","",Active,,"N/A"
132,"hualngohmunsc","hualngohmunsc@aizawlwest.com","facility","",Active,,"N/A"
133,"hualtusc","hualtusc@serchhip.com","facility","",Active,,"N/A"
134,"huntharsc","huntharsc@aizawlwest.com","facility","",Active,,"N/A"
135,"itisc","itisc@aizawlwest.com","facility","",Active,,"N/A"
136,"itiuphc","itiuphc@aizawleast.com","facility","",Active,,"N/A"
137,"jarulsurysc","jarulsurysc@lawngtlai.com","facility","",Active,,"N/A"
138,"kanghmunphc","kanghmunphc@mamit.com","facility","",Active,,"N/A"
139,"kanghmunsc","kanghmunsc@mamit.com","facility","",Active,,"N/A"
140,"kanghmunsouthsc","kanghmunsouthsc@serchhip.com","facility","",Active,,"N/A"
141,"kanhmunsc","kanhmunsc@mamit.com","facility","",Active,,"N/A"
142,"kawlbemsc","kawlbemsc@champhai.com","facility","",Active,,"N/A"
143,"kawlchawsc","kawlchawsc@lawngtlai.com","facility","",Active,,"N/A"
144,"kawlhawksc","kawlhawksc@lunglei.com","facility","",Active,,"N/A"
145,"kawlkulhphc","kawlkulhphc@champhai.com","facility","",Active,,"N/A"
146,"kawlkulhsc","kawlkulhsc@champhai.com","facility","",Active,,"N/A"
147,"kawnpuiphc","kawnpuiphc@kolasib.com","facility","",Active,,"N/A"
148,"kawnpuisc","kawnpuisc@kolasib.com","facility","",Active,,"N/A"
150,"kawrtethawvengphc","kawrtethawvengphc@mamit.com","facility","",Active,,"N/A"
151,"kawrtethawvengsc","kawrtethawvengsc@mamit.com","facility","",Active,,"N/A"
152,"kawrthahsc","kawrthahsc@mamit.com","facility","",Active,,"N/A"
153,"keifangayushsc","keifangayushsc@saitual.com","facility","",Active,,"N/A"
154,"keifangsc","keifangsc@aizawleast.com","facility","",Active,,"N/A"
155,"keitumayushsc","keitumayushsc@serchhip.com","facility","",Active,,"N/A"
156,"keitumsc","keitumsc@serchhip.com","facility","",Active,,"N/A"
157,"kelkangayushsc","kelkangayushsc@champhai.com","facility","",Active,,"N/A"
158,"kelkangsc","kelkangsc@champhai.com","facility","",Active,,"N/A"
159,"kepransc","kepransc@aizawleast.com","facility","",Active,,"N/A"
160,"khankawnsc","khankawnsc@champhai.com","facility","",Active,,"N/A"
161,"khanpuisc","khanpuisc@aizawleast.com","facility","",Active,,"N/A"
162,"khatlaayushsc","khatlaayushsc@aizawleast.com","facility","",Active,,"N/A"
163,"khatlasc","khatlasc@aizawlwest.com","facility","",Active,,"N/A"
164,"khawbelsc","khawbelsc@serchhip.com","facility","",Active,,"N/A"
165,"khawbungnsc","khawbungnsc@champhai.com","facility","",Active,,"N/A"
166,"khawbungphc","khawbungphc@champhai.com","facility","",Active,,"N/A"
167,"khawbungsc","khawbungsc@champhai.com","facility","",Active,,"N/A"
168,"khawhaiphc","khawhaiphc@champhai.com","facility","",Active,,"N/A"
169,"khawhaisc","khawhaisc@champhai.com","facility","",Active,,"N/A"
170,"khawkawnsc","khawkawnsc@champhai.com","facility","",Active,,"N/A"
171,"khawlailungphc","khawlailungphc@serchhip.com","facility","",Active,,"N/A"
172,"khawlailungsc","khawlailungsc@serchhip.com","facility","",Active,,"N/A"
173,"khawleksc","khawleksc@lunglei.com","facility","",Active,,"N/A"
174,"khawliansc","khawliansc@aizawleast.com","facility","",Active,,"N/A"
175,"khawmawiayushsc","khawmawiayushsc@lawngtlai.com","facility","",Active,,"N/A"
176,"khawmawisc","khawmawisc@lawngtlai.com","facility","",Active,,"N/A"
177,"khawrihnimsc","khawrihnimsc@mamit.com","facility","",Active,,"N/A"
178,"khawruhlianphc","khawruhlianphc@aizawleast.com","facility","",Active,,"N/A"
179,"khawruhliansc","khawruhliansc@aizawleast.com","facility","",Active,,"N/A"
180,"khawzawlphc","khawzawlphc@champhai.com","facility","",Active,,"N/A"
181,"khawzawlsc","khawzawlsc@champhai.com","facility","",Active,,"N/A"
182,"khuanglengsc","khuanglengsc@champhai.com","facility","",Active,,"N/A"
183,"khuangphahsc","khuangphahsc@champhai.com","facility","",Active,,"N/A"
184,"khuangthingayushsc","khuangthingayushsc@champhai.com","facility","",Active,,"N/A"
185,"khuangthingsc","khuangthingsc@champhai.com","facility","",Active,,"N/A"
186,"khumtungayushsc","khumtungayushsc@aizawleast.com","facility","",Active,,"N/A"
187,"khumtungsc","khumtungsc@aizawleast.com","facility","",Active,,"N/A"
189,"kulikawnsc","kulikawnsc@aizawlwest.com","facility","",Active,,"N/A"
190,"laisawralsc","laisawralsc@lunglei.com","facility","",Active,,"N/A"
191,"lakisc","lakisc@saiha.com","facility","",Active,,"N/A"
192,"lallensc","lallensc@mamit.com","facility","",Active,,"N/A"
193,"lamchhipsc","lamchhipsc@aizawlwest.com","facility","",Active,,"N/A"
194,"lamzawlsc","lamzawlsc@champhai.com","facility","",Active,,"N/A"
195,"lawipu","lawipu@aizawlwest.com","facility","",Active,,"N/A"
196,"lawipusc","lawipusc@aizawlwest.com","facility","",Active,,"N/A"
197,"lawngbansc","lawngbansc@saiha.com","facility","",Active,,"N/A"
198,"lawngtlaiayushsc","lawngtlaiayushsc@lawngtlai.com","facility","",Active,,"N/A"
199,"lawngtlaisc","lawngtlaisc@lawngtlai.com","facility","",Active,,"N/A"
200,"leitesc","leitesc@lunglei.com","facility","",Active,,"N/A"
201,"lenchimsc","lenchimsc@aizawleast.com","facility","",Active,,"N/A"
202,"lengsc","lengsc@serchhip.com","facility","",Active,,"N/A"
203,"lengpuiphc","lengpuiphc@aizawlwest.com","facility","",Active,,"N/A"
204,"lengpuisc","lengpuisc@aizawlwest.com","facility","",Active,,"N/A"
205,"lianpuisc","lianpuisc@champhai.com","facility","",Active,,"N/A"
206,"longpuighat","longpuighat@lawngtlai.com","facility","",Active,,"N/A"
207,"longpuighatphc","longpuighatphc@lawngtlai.com","facility","",Active,,"N/A"
208,"luangmualsc","luangmualsc@aizawlwest.com","facility","",Active,,"N/A"
209,"lungchemsc","lungchemsc@lunglei.com","facility","",Active,,"N/A"
210,"lungchhuansc","lungchhuansc@serchhip.com","facility","",Active,,"N/A"
211,"lungdaiphc","lungdaiphc@kolasib.com","facility","",Active,,"N/A"
212,"lungdaisc","lungdaisc@kolasib.com","facility","",Active,,"N/A"
213,"lungdarephc","lungdarephc@serchhip.com","facility","",Active,,"N/A"
214,"lungdaresc","lungdaresc@serchhip.com","facility","",Active,,"N/A"
215,"lungdarwsc","lungdarwsc@mamit.com","facility","",Active,,"N/A"
216,"lungkawlhsc","lungkawlhsc@serchhip.com","facility","",Active,,"N/A"
217,"lunglawnsc","lunglawnsc@lunglei.com","facility","",Active,,"N/A"
218,"lunglengsc","lunglengsc@aizawlwest.com","facility","",Active,,"N/A"
219,"lungmuatsc","lungmuatsc@kolasib.com","facility","",Active,,"N/A"
220,"lungphosc","lungphosc@serchhip.com","facility","",Active,,"N/A"
221,"lungrangssc","lungrangssc@lawngtlai.com","facility","",Active,,"N/A"
222,"lungsenphc","lungsenphc@lunglei.com","facility","",Active,,"N/A"
223,"lungsensc","lungsensc@lunglei.com","facility","",Active,,"N/A"
224,"lungtansc","lungtansc@champhai.com","facility","",Active,,"N/A"
225,"lungtiansc","lungtiansc@lawngtlai.com","facility","",Active,,"N/A"
226,"lungzarhtumsc","lungzarhtumsc@lawngtlai.com","facility","",Active,,"N/A"
227,"mkawnpuisc","mkawnpuisc@lawngtlai.com","facility","",Active,,"N/A"
228,"minecouhwc","minecouhwc@aizawlwest.com","facility","",Active,,"N/A"
229,"maitesc","maitesc@aizawleast.com","facility","",Active,,"N/A"
230,"mamitsc","mamitsc@mamit.com","facility","",Active,,"N/A"
231,"mampuisc","mampuisc@lawngtlai.com","facility","",Active,,"N/A"
232,"mamtesc","mamtesc@lunglei.com","facility","",Active,,"N/A"
233,"marparaphc","marparaphc@mamit.com","facility","",Active,,"N/A"
234,"marparasc","marparasc@mamit.com","facility","",Active,,"N/A"
236,"maubawksc","maubawksc@saiha.com","facility","",Active,,"N/A"
237,"maubuangayushsc","maubuangayushsc@aizawleast.com","facility","",Active,,"N/A"
238,"maubuangsc","maubuangsc@aizawlwest.com","facility","",Active,,"N/A"
239,"maucharsc","maucharsc@aizawleast.com","facility","",Active,,"N/A"
240,"mautlangsc","mautlangsc@lawngtlai.com","facility","",Active,,"N/A"
241,"meisavaihuhwc","meisavaihuhwc@saiha.com","facility","",Active,,"N/A"
242,"melbukkhawnuamsc","melbukkhawnuamsc@lawngtlai.com","facility","",Active,,"N/A"
243,"melriatsc","melriatsc@aizawlwest.com","facility","",Active,,"N/A"
244,"melthumsc","melthumsc@aizawlwest.com","facility","",Active,,"N/A"
245,"mimbungphc","mimbungphc@champhai.com","facility","",Active,,"N/A"
246,"mimbungsc","mimbungsc@champhai.com","facility","",Active,,"N/A"
247,"missionvengsc","missionvengsc@aizawlwest.com","facility","",Active,,"N/A"
248,"missionvenguhwc","missionvenguhwc@aizawlwest.com","facility","",Active,,"N/A"
249,"muallianpuisc","muallianpuisc@lunglei.com","facility","",Active,,"N/A"
250,"muallungthusc","muallungthusc@aizawlwest.com","facility","",Active,,"N/A"
251,"mualthuamnsc","mualthuamnsc@lunglei.com","facility","",Active,,"N/A"
252,"nchaltlangsc","nchaltlangsc@kolasib.com","facility","",Active,,"N/A"
253,"nchawnpuisc","nchawnpuisc@kolasib.com","facility","",Active,,"N/A"
255,"nmualchengsc","nmualchengsc@serchhip.com","facility","",Active,,"N/A"
256,"nsabualsc","nsabualsc@mamit.com","facility","",Active,,"N/A"
257,"nvanlaiphaisc","nvanlaiphaisc@serchhip.com","facility","",Active,,"N/A"
258,"nkhawleksc","nkhawleksc@aizawleast.com","facility","",Active,,"N/A"
259,"nvanlaiphaiphc","nvanlaiphaiphc@serchhip.com","facility","",Active,,"N/A"
260,"nebualpuihliappuiayushsc","nebualpuihliappuiayushsc@khawzawl.com","facility","",Active,,"N/A"
261,"nebualpuihliappuisc","nebualpuihliappuisc@champhai.com","facility","",Active,,"N/A"
262,"nekhawdungseiphc","nekhawdungseiphc@champhai.com","facility","",Active,,"N/A"
263,"nekhawdungseisc","nekhawdungseisc@champhai.com","facility","",Active,,"N/A"
264,"nalzawlsc","nalzawlsc@mamit.com","facility","",Active,,"N/A"
265,"neihdawnsc","neihdawnsc@champhai.com","facility","",Active,,"N/A"
266,"newbuilumsc","newbuilumsc@kolasib.com","facility","",Active,,"N/A"
267,"newchalrangsc","newchalrangsc@champhai.com","facility","",Active,,"N/A"
268,"newedensc","newedensc@mamit.com","facility","",Active,,"N/A"
269,"newlatawhsc","newlatawhsc@saiha.com","facility","",Active,,"N/A"
270,"newsachanayushsc","newsachanayushsc@lunglei.com","facility","",Active,,"N/A"
271,"newserchhipayushsc","newserchhipayushsc@serchhip.com","facility","",Active,,"N/A"
272,"newserchhipnorthuhwc","newserchhipnorthuhwc@serchhip.com","facility","",Active,,"N/A"
273,"newserchhipsc","newserchhipsc@serchhip.com","facility","",Active,,"N/A"
274,"ngaizawlsc","ngaizawlsc@champhai.com","facility","",Active,,"N/A"
275,"ngentiangphc","ngentiangphc@serchhip.com","facility","",Active,,"N/A"
276,"ngopaayushsc","ngopaayushsc@saitual.com","facility","",Active,,"N/A"
277,"ngopasc","ngopasc@champhai.com","facility","",Active,,"N/A"
278,"ngursc","ngursc@champhai.com","facility","",Active,,"N/A"
279,"niawhtlangayushsc","niawhtlangayushsc@saiha.com","facility","",Active,,"N/A"
235,"maubawk","maubawk@aizawlest.com","facility","",Active,,"N/A"
280,"niawhtlangsc","niawhtlangsc@saiha.com","facility","",Active,,"N/A"
281,"nisapuisc","nisapuisc@kolasib.com","facility","",Active,,"N/A"
282,"nunsurysc","nunsurysc@lunglei.com","facility","",Active,,"N/A"
283,"oldsaihasc","oldsaihasc@saiha.com","facility","",Active,,"N/A"
284,"ptclungverhsc","ptclungverhsc@aizawlwest.com","facility","",Active,,"N/A"
285,"paitharayushsc","paitharayushsc@lawngtlai.com","facility","",Active,,"N/A"
286,"palsangsc","palsangsc@aizawleast.com","facility","",Active,,"N/A"
287,"pangbalkawnsc","pangbalkawnsc@kolasib.com","facility","",Active,,"N/A"
288,"pangkhuasc","pangkhuasc@lawngtlai.com","facility","",Active,,"N/A"
289,"pangzawlphc","pangzawlphc@lunglei.com","facility","",Active,,"N/A"
290,"pangzawlsc","pangzawlsc@lunglei.com","facility","",Active,,"N/A"
291,"parvaayushsc","parvaayushsc@lawngtlai.com","facility","",Active,,"N/A"
292,"parvasc","parvasc@lawngtlai.com","facility","",Active,,"N/A"
293,"parvatuisc","parvatuisc@mamit.com","facility","",Active,,"N/A"
294,"pawlrangsc","pawlrangsc@champhai.com","facility","",Active,,"N/A"
295,"phailengesc","phailengesc@aizawleast.com","facility","",Active,,"N/A"
296,"phainuamsc","phainuamsc@kolasib.com","facility","",Active,,"N/A"
297,"phairuangkaisc","phairuangkaisc@lunglei.com","facility","",Active,,"N/A"
298,"phaisensc","phaisensc@kolasib.com","facility","",Active,,"N/A"
299,"phaitharsc","phaitharsc@lawngtlai.com","facility","",Active,,"N/A"
300,"phalhrangsc","phalhrangsc@saiha.com","facility","",Active,,"N/A"
301,"phuaibuangphc","phuaibuangphc@aizawleast.com","facility","",Active,,"N/A"
302,"phuaibuangsc","phuaibuangsc@aizawleast.com","facility","",Active,,"N/A"
303,"phuldungseiphc","phuldungseiphc@mamit.com","facility","",Active,,"N/A"
304,"phuldungseisc","phuldungseisc@mamit.com","facility","",Active,,"N/A"
305,"phullenphc","phullenphc@aizawleast.com","facility","",Active,,"N/A"
306,"phullensc","phullensc@aizawleast.com","facility","",Active,,"N/A"
307,"phulpuisc","phulpuisc@aizawlwest.com","facility","",Active,,"N/A"
308,"phunchawnguhwc","phunchawnguhwc@aizawlwest.com","facility","",Active,,"N/A"
309,"phuraphc","phuraphc@saiha.com","facility","",Active,,"N/A"
310,"phurasc","phurasc@saiha.com","facility","",Active,,"N/A"
311,"puankhaisc","puankhaisc@lunglei.com","facility","",Active,,"N/A"
312,"pukpuiayushsc","pukpuiayushsc@lunglei.com","facility","",Active,,"N/A"
313,"pukpuisc","pukpuisc@lunglei.com","facility","",Active,,"N/A"
314,"pukpuiuhwc","pukpuiuhwc@lunglei.com","facility","",Active,,"N/A"
315,"pukzingsc","pukzingsc@mamit.com","facility","",Active,,"N/A"
316,"putlungasihsc","putlungasihsc@lunglei.com","facility","",Active,,"N/A"
317,"rabungphc","rabungphc@champhai.com","facility","",Active,,"N/A"
318,"rabungsc","rabungsc@champhai.com","facility","",Active,,"N/A"
319,"rahsivengsc","rahsivengsc@lunglei.com","facility","",Active,,"N/A"
320,"ralvawngsc","ralvawngsc@lunglei.com","facility","",Active,,"N/A"
321,"ramhlunayushsc","ramhlunayushsc@aizawleast.com","facility","",Active,,"N/A"
322,"ramhlunsc","ramhlunsc@aizawleast.com","facility","",Active,,"N/A"
323,"ramhlunsouth","ramhlunsouth@aizawleast.com","facility","",Active,,"N/A"
324,"ramlaituisc","ramlaituisc@lunglei.com","facility","",Active,,"N/A"
325,"ramtharsc","ramtharsc@lunglei.com","facility","",Active,,"N/A"
326,"ratuphc","ratuphc@aizawleast.com","facility","",Active,,"N/A"
327,"ratusc","ratusc@aizawleast.com","facility","",Active,,"N/A"
328,"rawlbuk","rawlbuk@aizawleast.com","facility","",Active,,"N/A"
329,"rawmibawksc","rawmibawksc@saiha.com","facility","",Active,,"N/A"
330,"rawpuisc","rawpuisc@lunglei.com","facility","",Active,,"N/A"
331,"rawpuichhipphc","rawpuichhipphc@mamit.com","facility","",Active,,"N/A"
332,"rawpuichhipsc","rawpuichhipsc@mamit.com","facility","",Active,,"N/A"
333,"reiekphc","reiekphc@mamit.com","facility","",Active,,"N/A"
334,"reieksc","reieksc@mamit.com","facility","",Active,,"N/A"
335,"rengdilsc","rengdilsc@mamit.com","facility","",Active,,"N/A"
336,"republicsc","republicsc@aizawlwest.com","facility","",Active,,"N/A"
337,"riangtleisc","riangtleisc@champhai.com","facility","",Active,,"N/A"
338,"rualalungsc","rualalungsc@lawngtlai.com","facility","",Active,,"N/A"
339,"ruallunguhwc","ruallunguhwc@aizawleast.com","facility","",Active,,"N/A"
340,"ruantlangayushsc","ruantlangayushsc@champhai.com","facility","",Active,,"N/A"
341,"ruantlangsc","ruantlangsc@champhai.com","facility","",Active,,"N/A"
342,"rulchawmsc","rulchawmsc@aizawleast.com","facility","",Active,,"N/A"
343,"rullamsc","rullamsc@serchhip.com","facility","",Active,,"N/A"
344,"rulpuihlimsc","rulpuihlimsc@mamit.com","facility","",Active,,"N/A"
345,"schawngtuisc","schawngtuisc@serchhip.com","facility","",Active,,"N/A"
346,"smualchengsc","smualchengsc@lunglei.com","facility","",Active,,"N/A"
347,"svanlaiphaisc","svanlaiphaisc@lunglei.com","facility","",Active,,"N/A"
348,"slungpherphc","slungpherphc@lawngtlai.com","facility","",Active,,"N/A"
349,"slungphersc","slungphersc@lawngtlai.com","facility","",Active,,"N/A"
350,"svanlaiphaiphc","svanlaiphaiphc@lunglei.com","facility","",Active,,"N/A"
351,"saichalsc","saichalsc@champhai.com","facility","",Active,,"N/A"
352,"saihatlangkawnsc","saihatlangkawnsc@saiha.com","facility","",Active,,"N/A"
353,"saikhawthlirsc","saikhawthlirsc@mamit.com","facility","",Active,,"N/A"
354,"sailulaksc","sailulaksc@serchhip.com","facility","",Active,,"N/A"
355,"saiphaisc","saiphaisc@kolasib.com","facility","",Active,,"N/A"
356,"saipumsc","saipumsc@kolasib.com","facility","",Active,,"N/A"
357,"sairangphc","sairangphc@aizawlwest.com","facility","",Active,,"N/A"
358,"sairangsc","sairangsc@aizawlwest.com","facility","",Active,,"N/A"
360,"saizawhsc","saizawhsc@lawngtlai.com","facility","",Active,,"N/A"
361,"sakawrdaiayushsc","sakawrdaiayushsc@aizawleast.com","facility","",Active,,"N/A"
362,"sakawrdaisc","sakawrdaisc@aizawleast.com","facility","",Active,,"N/A"
363,"sakawrtuichhunayushsc","sakawrtuichhunayushsc@aizawleast.com","facility","",Active,,"N/A"
364,"sakawrtuichhunsc","sakawrtuichhunsc@aizawlwest.com","facility","",Active,,"N/A"
365,"salemsc","salemsc@aizawlwest.com","facility","",Active,,"N/A"
366,"samlukhaisc","samlukhaisc@aizawlwest.com","facility","",Active,,"N/A"
367,"samthangsc","samthangsc@champhai.com","facility","",Active,,"N/A"
368,"sangauphc","sangauphc@lawngtlai.com","facility","",Active,,"N/A"
369,"sangausc","sangausc@lawngtlai.com","facility","",Active,,"N/A"
370,"sateeksc","sateeksc@aizawlwest.com","facility","",Active,,"N/A"
371,"sawlengayushsc","sawlengayushsc@aizawleast.com","facility","",Active,,"N/A"
372,"sawlengsc","sawlengsc@aizawleast.com","facility","",Active,,"N/A"
373,"sazaikawnuphc","sazaikawnuphc@lunglei.com","facility","",Active,,"N/A"
374,"sazepsc","sazepsc@champhai.com","facility","",Active,,"N/A"
375,"selamsc","selamsc@champhai.com","facility","",Active,,"N/A"
376,"selingsc","selingsc@aizawleast.com","facility","",Active,,"N/A"
377,"serchhipsc","serchhipsc@serchhip.com","facility","",Active,,"N/A"
378,"serkawrsc","serkawrsc@saiha.com","facility","",Active,,"N/A"
379,"serkhansc","serkhansc@kolasib.com","facility","",Active,,"N/A"
380,"sertesc","sertesc@lunglei.com","facility","",Active,,"N/A"
381,"sertlangpuisc","sertlangpuisc@lunglei.com","facility","",Active,,"N/A"
382,"serzawlsc","serzawlsc@aizawleast.com","facility","",Active,,"N/A"
383,"sesawmsc","sesawmsc@lunglei.com","facility","",Active,,"N/A"
384,"sesawngayushsc","sesawngayushsc@aizawleast.com","facility","",Active,,"N/A"
385,"sesawngsc","sesawngsc@aizawleast.com","facility","",Active,,"N/A"
386,"sesihphc","sesihphc@champhai.com","facility","",Active,,"N/A"
387,"sesihsc","sesihsc@champhai.com","facility","",Active,,"N/A"
388,"sethlunuhwc","sethlunuhwc@lunglei.com","facility","",Active,,"N/A"
389,"siachangkawnsc","siachangkawnsc@lawngtlai.com","facility","",Active,,"N/A"
390,"sialhausc","sialhausc@serchhip.com","facility","",Active,,"N/A"
391,"sialhawkphc","sialhawkphc@champhai.com","facility","",Active,,"N/A"
392,"sialhawksc","sialhawksc@champhai.com","facility","",Active,,"N/A"
393,"sialsukphc","sialsukphc@aizawlwest.com","facility","",Active,,"N/A"
394,"sialsuksc","sialsuksc@aizawlwest.com","facility","",Active,,"N/A"
395,"siatasc","siatasc@saiha.com","facility","",Active,,"N/A"
396,"sihfasc","sihfasc@aizawleast.com","facility","",Active,,"N/A"
397,"sihphirsc","sihphirsc@aizawleast.com","facility","",Active,,"N/A"
398,"sihphiruphc","sihphiruphc@aizawleast.com","facility","",Active,,"N/A"
399,"silsurisc","silsurisc@mamit.com","facility","",Active,,"N/A"
400,"suangpuilawnphc","suangpuilawnphc@aizawleast.com","facility","",Active,,"N/A"
401,"suangpuilawnsc","suangpuilawnsc@aizawleast.com","facility","",Active,,"N/A"
402,"suarhliapsc","suarhliapsc@mamit.com","facility","",Active,,"N/A"
403,"sumsiluisc","sumsiluisc@lawngtlai.com","facility","",Active,,"N/A"
404,"sumsuihsc","sumsuihsc@aizawlwest.com","facility","",Active,,"N/A"
405,"tachhipsc","tachhipsc@aizawlwest.com","facility","",Active,,"N/A"
406,"tanhrilsc","tanhrilsc@aizawlwest.com","facility","",Active,,"N/A"
407,"tarphosc","tarphosc@lunglei.com","facility","",Active,,"N/A"
408,"tawipuinsc","tawipuinsc@lunglei.com","facility","",Active,,"N/A"
409,"tawipuisphc","tawipuisphc@lunglei.com","facility","",Active,,"N/A"
410,"tawipuissc","tawipuissc@lunglei.com","facility","",Active,,"N/A"
411,"teikhangsc","teikhangsc@champhai.com","facility","",Active,,"N/A"
412,"thanglailungsc","thanglailungsc@aizawleast.com","facility","",Active,,"N/A"
413,"theiriatayushsc","theiriatayushsc@lunglei.com","facility","",Active,,"N/A"
414,"theiriatsc","theiriatsc@lunglei.com","facility","",Active,,"N/A"
415,"theivasc","theivasc@saiha.com","facility","",Active,,"N/A"
416,"thenhlumayushsc","thenhlumayushsc@lunglei.com","facility","",Active,,"N/A"
417,"thenhlumsc","thenhlumsc@lunglei.com","facility","",Active,,"N/A"
418,"thentlangsc","thentlangsc@serchhip.com","facility","",Active,,"N/A"
419,"thenzawlsc","thenzawlsc@serchhip.com","facility","",Active,,"N/A"
420,"thiltlangsc","thiltlangsc@lunglei.com","facility","",Active,,"N/A"
421,"thingdawlayushsc","thingdawlayushsc@kolasib.com","facility","",Active,,"N/A"
422,"thingdawlsc","thingdawlsc@kolasib.com","facility","",Active,,"N/A"
423,"thingfalsc","thingfalsc@lunglei.com","facility","",Active,,"N/A"
424,"thinghlunsc","thinghlunsc@mamit.com","facility","",Active,,"N/A"
425,"thingkahsc","thingkahsc@lawngtlai.com","facility","",Active,,"N/A"
426,"thingliansc","thingliansc@serchhip.com","facility","",Active,,"N/A"
427,"thingsaiphc","thingsaiphc@lunglei.com","facility","",Active,,"N/A"
428,"thingsaisc","thingsaisc@lunglei.com","facility","",Active,,"N/A"
429,"thingsatsc","thingsatsc@aizawleast.com","facility","",Active,,"N/A"
430,"thingsulthliahphc","thingsulthliahphc@aizawleast.com","facility","",Active,,"N/A"
431,"thingsulthliahsc","thingsulthliahsc@aizawleast.com","facility","",Active,,"N/A"
432,"thualthusc","thualthusc@lunglei.com","facility","",Active,,"N/A"
433,"thuampuiayushsc","thuampuiayushsc@lunglei.com","facility","",Active,,"N/A"
434,"thuampuiaizawleastsc","thuampuiaizawleastsc@aizawleast.com","facility","",Active,,"N/A"
435,"thuampuilungleisc","thuampuilungleisc@lunglei.com","facility","",Active,,"N/A"
436,"tinghmunsc","tinghmunsc@aizawleast.com","facility","",Active,,"N/A"
437,"tiperaghatayushsc","tiperaghatayushsc@lunglei.com","facility","",Active,,"N/A"
438,"tiperaghatsc","tiperaghatsc@lunglei.com","facility","",Active,,"N/A"
439,"tlangnuamsc","tlangnuamsc@aizawlwest.com","facility","",Active,,"N/A"
440,"tlangpuisc","tlangpuisc@champhai.com","facility","",Active,,"N/A"
441,"tlangsamsc","tlangsamsc@champhai.com","facility","",Active,,"N/A"
442,"tlungvelsc","tlungvelsc@aizawleast.com","facility","",Active,,"N/A"
443,"tongkolongsc","tongkolongsc@saiha.com","facility","",Active,,"N/A"
444,"tualbungsc","tualbungsc@aizawleast.com","facility","",Active,,"N/A"
446,"tualchengsc","tualchengsc@champhai.com","facility","",Active,,"N/A"
447,"tualpuisc","tualpuisc@champhai.com","facility","",Active,,"N/A"
448,"tualtesc","tualtesc@champhai.com","facility","",Active,,"N/A"
449,"tuichawngayushsc","tuichawngayushsc@lunglei.com","facility","",Active,,"N/A"
450,"tuichawngsc","tuichawngsc@lunglei.com","facility","",Active,,"N/A"
451,"tuidamsc","tuidamsc@mamit.com","facility","",Active,,"N/A"
452,"tuikualsc","tuikualsc@aizawlwest.com","facility","",Active,,"N/A"
453,"tuipanglsc","tuipanglsc@saiha.com","facility","",Active,,"N/A"
454,"tuipangphc","tuipangphc@saiha.com","facility","",Active,,"N/A"
455,"tuipangvsc","tuipangvsc@saiha.com","facility","",Active,,"N/A"
456,"tuipuidsc","tuipuidsc@lunglei.com","facility","",Active,,"N/A"
457,"tuipuibarisc","tuipuibarisc@mamit.com","facility","",Active,,"N/A"
458,"tuipuiferrysc","tuipuiferrysc@saiha.com","facility","",Active,,"N/A"
459,"tuirialkaiuhwc","tuirialkaiuhwc@aizawleast.com","facility","",Active,,"N/A"
460,"tuirialsc","tuirialsc@aizawleast.com","facility","",Active,,"N/A"
461,"tuisenchhuahsc","tuisenchhuahsc@lunglei.com","facility","",Active,,"N/A"
462,"tuisihsc","tuisihsc@saiha.com","facility","",Active,,"N/A"
463,"tuisumpuisc","tuisumpuisc@saiha.com","facility","",Active,,"N/A"
464,"tuithavengsc","tuithavengsc@kolasib.com","facility","",Active,,"N/A"
465,"tuithumhnarayushsc","tuithumhnarayushsc@lawngtlai.com","facility","",Active,,"N/A"
466,"tuithumhnarsc","tuithumhnarsc@lawngtlai.com","facility","",Active,,"N/A"
467,"tuivamitsc","tuivamitsc@aizawlwest.com","facility","",Active,,"N/A"
468,"tuivamituhwc","tuivamituhwc@aizawlwest.com","facility","",Active,,"N/A"
469,"tumpuisc","tumpuisc@kolasib.com","facility","",Active,,"N/A"
470,"upperrepublicsc","upperrepublicsc@aizawleast.com","facility","",Active,,"N/A"
471,"vahaisc","vahaisc@saiha.com","facility","",Active,,"N/A"
472,"vaikhawtlangsc","vaikhawtlangsc@champhai.com","facility","",Active,,"N/A"
473,"vairengtesc","vairengtesc@kolasib.com","facility","",Active,,"N/A"
474,"vaisamsc","vaisamsc@lunglei.com","facility","",Active,,"N/A"
475,"vaitinsc","vaitinsc@aizawleast.com","facility","",Active,,"N/A"
476,"vaivakawnsc","vaivakawnsc@aizawlwest.com","facility","",Active,,"N/A"
477,"vanbawngsc","vanbawngsc@aizawleast.com","facility","",Active,,"N/A"
478,"vanchengpuisc","vanchengpuisc@champhai.com","facility","",Active,,"N/A"
479,"vantlangsc","vantlangsc@champhai.com","facility","",Active,,"N/A"
480,"vanzausc","vanzausc@champhai.com","facility","",Active,,"N/A"
481,"vaparsc","vaparsc@champhai.com","facility","",Active,,"N/A"
482,"vaphaiayushsc","vaphaiayushsc@champhai.com","facility","",Active,,"N/A"
483,"vaphaisc","vaphaisc@champhai.com","facility","",Active,,"N/A"
484,"vathuampuisc","vathuampuisc@lawngtlai.com","facility","",Active,,"N/A"
485,"vawmbuksc","vawmbuksc@lawngtlai.com","facility","",Active,,"N/A"
486,"venghluisc","venghluisc@aizawleast.com","facility","",Active,,"N/A"
487,"venghlunsc","venghlunsc@lunglei.com","facility","",Active,,"N/A"
488,"venghnuaiayushsc","venghnuaiayushsc@aizawleast.com","facility","",Active,,"N/A"
489,"venghnuaisc","venghnuaisc@aizawleast.com","facility","",Active,,"N/A"
490,"vengtharuhwc","vengtharuhwc@kolasib.com","facility","",Active,,"N/A"
491,"verveksc","verveksc@aizawleast.com","facility","",Active,,"N/A"
492,"wbunghmunsc","wbunghmunsc@mamit.com","facility","",Active,,"N/A"
493,"wphailengphc","wphailengphc@mamit.com","facility","",Active,,"N/A"
494,"wphailengsc","wphailengsc@mamit.com","facility","",Active,,"N/A"
495,"zaingenvenguhwc","zaingenvenguhwc@champhai.com","facility","",Active,,"N/A"
496,"zamuangsc","zamuangsc@mamit.com","facility","",Active,,"N/A"
497,"zanlawnsc","zanlawnsc@kolasib.com","facility","",Active,,"N/A"
498,"zawlnuamphc","zawlnuamphc@mamit.com","facility","",Active,,"N/A"
499,"zawlnuamsc","zawlnuamsc@mamit.com","facility","",Active,,"N/A"
500,"zawlpuisc","zawlpuisc@lunglei.com","facility","",Active,,"N/A"
501,"zawnglingsc","zawnglingsc@saiha.com","facility","",Active,,"N/A"
502,"zemabawklungbialuhwc","zemabawklungbialuhwc@aizawleast.com","facility","",Active,,"N/A"
503,"zemabawksc","zemabawksc@aizawleast.com","facility","",Active,,"N/A"
504,"zemabawkuphc","zemabawkuphc@aizawleast.com","facility","",Active,,"N/A"
505,"zobawksc","zobawksc@lunglei.com","facility","",Active,,"N/A"
506,"zodinsc","zodinsc@lunglei.com","facility","",Active,,"N/A"
507,"zohmunsc","zohmunsc@aizawleast.com","facility","",Active,,"N/A"
508,"zohnuaisc","zohnuaisc@lunglei.com","facility","",Active,,"N/A"
509,"zokhawtharsc","zokhawtharsc@champhai.com","facility","",Active,,"N/A"
510,"zotechamphaisc","zotechamphaisc@champhai.com","facility","",Active,,"N/A"
511,"zotessc","zotessc@serchhip.com","facility","",Active,,"N/A"
512,"zotlangaizawlsc","zotlangaizawlsc@aizawlwest.com","facility","",Active,,"N/A"
513,"zotlanglungleisc","zotlanglungleisc@lunglei.com","facility","",Active,,"N/A"
514,"zuangtuisc","zuangtuisc@aizawleast.com","facility","",Active,,"N/A"
188,"kolasibvengtharuhwc","kolasibvengtharsc@kolasib.com","facility","",Active,,"N/A"
518,"ramtharaizawlsc","","facility","",Active,,"N/A"
520,"ailawngmamitsc","","facility","",Active,,"N/A"
521,"hlimenhwc","","facility","",Active,,"N/A"
522,"kanansc","","facility","",Active,,"N/A"
14,"beltheisc","beltheisc@lunglei.com","facility","",Active,,"N/A"
254,"nhlimensc","nhlimensc@kolasib.com","facility","",Active,,"N/A"
63,"chawlhhmun","chawlhhmun@aizawlwest.com","facility","",Active,,"N/A"
149,"oldsachansc","oldsachansc@lunglei.com","facility","",Active,,"N/A"
524,"hlimensc","hlimensc@aizawlwest.com","facility","",Active,,"N/A"
526,"ramtharscaizawl","ramtharsc@aizawleast.com","facility","",Active,,"N/A"
527,"venglaisc","venglaisc@kolasib.com","facility","",Active,,"N/A"
359,"saitualsc","saitualsc@aizawleast.com","facility","",Active,,"N/A"
445,"tualchengayushsc","tualchengayushsc@champhai.com","facility","",Active,,"N/A"